module,metadata,type,stat,p,q,n_samples,n_groups,note
3,cr,numeric,0.938590635448906,0.0005526162917581612,0.002763081458790806,8,,
3,mn,numeric,0.8878560065057219,0.0032359806436668887,0.016179903218334443,8,,
1,bar_mmhg,numeric,-0.8503146459584139,0.007471414639953453,0.03735707319976726,8,,
