module,metadata,type,stat,p,q,n_samples,n_groups,note
3,wind_speed_m_s,numeric,-0.5110107284020329,0.01507960401252194,0.04858016077081765,22,,
5,wind_speed_m_s,numeric,-0.4940711462450593,0.01943206430832706,0.04858016077081765,22,,
6,wind_speed_m_s,numeric,0.5923207227555054,0.00367841816380898,0.036784181638089795,22,,
7,wind_speed_m_s,numeric,-0.5155279503105591,0.014063853357929122,0.04858016077081765,22,,
2,wind_dir,numeric,-0.5945793337097686,0.0035184766286553517,0.035184766286553516,22,,
6,wind_dir,numeric,0.5392433653303219,0.009602482028270258,0.04801241014135129,22,,
2,rain_mmh2o,numeric,0.7270627041956926,0.00012645026553527092,0.0012645026553527092,22,,
